FirstName,LastName,BirthDate,RegistrationDate
TestName1,TestSurname1,2000/02/04,2018/05/09
TestName2,TestSurname2,2000/02/05,2018/05/10
TestName3,TestSurname3,2000/02/06,2018/05/11
TestName4,TestSurname4,2000/02/07,2018/05/12
TestName5,TestSurname5,2000/02/08,2018/05/13
TestName6,TestSurname6,2000/02/09,2018/05/14
TestName7,TestSurname7,2000/02/10,2018/05/15
TestName8,TestSurname8,2000/02/11,2018/05/16
TestName9,TestSurname9,2000/02/12,2018/05/17
TestName10,TestSurname10,2000/02/13,2018/05/18
TestName11,TestSurname11,2000/02/14,2018/05/19
TestName12,TestSurname12,2000/02/15,2018/05/20
TestName13,TestSurname13,2000/02/16,2018/05/21
TestName14,TestSurname14,2000/02/17,2018/05/22
TestName15,TestSurname15,2000/02/18,2018/05/23
TestName16,TestSurname16,2000/02/19,2018/05/24
TestName17,TestSurname17,2000/02/20,2018/05/25
TestName18,TestSurname18,2000/02/21,2018/05/26
TestName19,TestSurname19,2000/02/22,2018/05/27
TestName20,TestSurname20,2000/02/23,2018/05/28